table,name,metric,rv32im,rotl
function,rotl_ref,static,6,
function,rotl_ref,static_branches,0,
function,rotl_ref,dyn_n0,6,
function,rotl_ref,dyn_other,6,
function,rotl_ref,dyn_total,96,
function,rotl_ref,branches,0,
function,rotl_ref,taken,0,
function,rotl_branch,static,8,
function,rotl_branch,static_branches,1,
function,rotl_branch,dyn_n0,3,
function,rotl_branch,dyn_other,8,
function,rotl_branch,dyn_total,118,
function,rotl_branch,branches,16,
function,rotl_branch,taken,2,
function,rotl_branchless,static,5,
function,rotl_branchless,static_branches,0,
function,rotl_branchless,dyn_n0,5,
function,rotl_branchless,dyn_other,5,
function,rotl_branchless,dyn_total,80,
function,rotl_branchless,branches,0,
function,rotl_branchless,taken,0,
function,rotl_custom,static,2,
function,rotl_custom,static_branches,0,
function,rotl_custom,dyn_n0,2,
function,rotl_custom,dyn_other,2,
function,rotl_custom,dyn_total,32,
function,rotl_custom,branches,0,
function,rotl_custom,taken,0,
kernel,chacha20_block,rotations,320,320
kernel,chacha20_block,static_insns,236,177
kernel,chacha20_block,dynamic_insns,1919,1284
kernel,chacha20_block,dynamic_branches,42,42
kernel,rc5_setup,rotations,156,156
kernel,rc5_setup,static_insns,62,57
kernel,rc5_setup,dynamic_insns,2467,2000
kernel,rc5_setup,dynamic_branches,103,103
kernel,rc5_encrypt,rotations,24,24
kernel,rc5_encrypt,static_insns,29,21
kernel,rc5_encrypt,dynamic_insns,227,131
kernel,rc5_encrypt,dynamic_branches,12,12
